{
    "classification_report": {
        "0": {
            "precision": 0.9234279918864098,
            "recall": 0.9929116684841875,
            "f1-score": 0.9569101418812401,
            "support": 1834.0
        },
        "1": {
            "precision": 0.5357142857142857,
            "recall": 0.09036144578313253,
            "f1-score": 0.15463917525773196,
            "support": 166.0
        },
        "accuracy": 0.918,
        "macro avg": {
            "precision": 0.7295711388003477,
            "recall": 0.54163655713366,
            "f1-score": 0.555774658569486,
            "support": 2000.0
        },
        "weighted avg": {
            "precision": 0.8912477542741234,
            "recall": 0.918,
            "f1-score": 0.890321651651489,
            "support": 2000.0
        }
    },
    "features": [
        "Provider_ID",
        "Claim_Amount",
        "Procedure_Code",
        "Diagnosis_Code",
        "Patient_Age",
        "Patient_Gender"
    ],
    "training_samples": 8000,
    "test_samples": 2000
}