{
    "classification_report": {
        "0": {
            "precision": 0.9217566885411408,
            "recall": 0.9956379498364231,
            "f1-score": 0.9572739187418087,
            "support": 1834.0
        },
        "1": {
            "precision": 0.5789473684210527,
            "recall": 0.06626506024096386,
            "f1-score": 0.11891891891891893,
            "support": 166.0
        },
        "accuracy": 0.9185,
        "macro avg": {
            "precision": 0.7503520284810967,
            "recall": 0.5309515050386935,
            "f1-score": 0.5380964188303639,
            "support": 2000.0
        },
        "weighted avg": {
            "precision": 0.8933035149711736,
            "recall": 0.9185,
            "f1-score": 0.8876904537565088,
            "support": 2000.0
        }
    },
    "features": [
        "Provider_ID",
        "Claim_Amount",
        "Procedure_Code",
        "Diagnosis_Code",
        "Patient_Age",
        "Patient_Gender"
    ],
    "training_samples": 8000,
    "test_samples": 2000
}